{
  "project_info": {
    "project_number": "1051534662005",
    "firebase_url": "https://sansgarden-275d2-default-rtdb.asia-southeast1.firebasedatabase.app",
    "project_id": "sansgarden-275d2",
    "storage_bucket": "sansgarden-275d2.appspot.com"
  },
  "client": [
    {
      "client_info": {
        "mobilesdk_app_id": "1:1051534662005:android:09fcf3c260d43d683ddb3c",
        "android_client_info": {
          "package_name": "com.example.sansgarden"
        }
      },
      "oauth_client": [
        {
          "client_id": "1051534662005-cjcpgqe4iu9l0kbt3jjspjq0cd8jl7ba.apps.googleusercontent.com",
          "client_type": 3
        }
      ],
      "api_key": [
        {
          "current_key": "AIzaSyCYQjbmYNyEWRzfSgdatcvBxvsr4Z7Bg6Q"
        }
      ],
      "services": {
        "appinvite_service": {
          "other_platform_oauth_client": [
            {
              "client_id": "1051534662005-cjcpgqe4iu9l0kbt3jjspjq0cd8jl7ba.apps.googleusercontent.com",
              "client_type": 3
            }
          ]
        }
      }
    }
  ],
  "configuration_version": "1"
}